[
    {
        "id": "6424ac02-5bd7-4fb8-8e1b-e48f7e80dffd",
        "title": "Title 1",
        "description": "Description 1",
        "isExpired": false
    },
    {
        "id": "4e110f3a-5c0d-4641-a85e-5a94455ac820",
        "title": "Title 2",
        "description": "Description 2",
        "isExpired": true
    },
    {
        "id": "74e4a403-60cd-4c94-a787-98aeaad47266",
        "title": "Title update",
        "description": "Description 5",
        "isExpired": false
    }
]